Centroid_freq,First_quartile,Gender,Interquantile_range,Kurtosis,Max_fundamental_freq,Mean_freq,Mean_fundamental_freq,Median_freq,Min_fundamental_freq,Mode_freq,Skewness,Spectral_flatness_measure,Std,Third_quartile
1.9190261692857205,0.4413958707360861,1,2.676910906642729,64.67157258543337,0.28495285034179685,2.2539946300681715,0.20851664733886718,0.8682764811490125,0.14640219116210937,0.3704690305206463,6.671048343173777,0.018472734838724136,2.7174029201397425,3.1183067773788147
1.8791974949092782,0.4749541704857928,1,1.842071494042163,52.31848284154408,0.28498956298828126,1.767052824731361,0.21872355651855468,0.9227681026581117,0.14537448120117188,0.4778414298808432,5.9218021317904865,0.020871620625257492,1.9755383767097079,2.317025664527956
2.158872258313275,0.5355579076374575,1,2.614442092362542,130.64340179950415,0.2849093017578125,2.1141629439454013,0.2159080810546875,1.3123976380145952,0.14602903747558593,0.2058353295081054,8.977198349841025,0.021229298785328865,2.158895366355038,3.1499999999999995
1.9706171555791596,0.4737271825480936,0,1.4677316930485724,76.36455686964273,0.2852857666015625,1.6581595579150517,0.21854597473144532,0.7436806362179623,0.14593251037597657,0.4866266204312106,7.22423902656071,0.03268537297844887,2.017657397004319,1.941458875596666
2.163452140937281,0.6036089399120663,0,2.0422294821690277,145.23939817227378,0.28523870849609373,2.186584159858185,0.2151243438720703,1.4776685393258424,0.1455325164794922,0.2452521983390327,7.6346357082990695,0.04412228986620903,2.206758674206688,2.645838422081094
2.2023090770365417,0.47407479548110637,0,3.8694974678613168,197.31433646285845,0.28471572875976564,2.534060779782456,0.21657579040527344,1.227113361901052,0.14557101440429687,0.20595052590572654,10.362351167339382,0.03236045315861702,2.6917024425052576,4.3435722633424225
2.2023090770365417,0.47407479548110637,0,3.8694974678613168,197.31433646285845,0.28471572875976564,2.534060779782456,0.21657579040527344,1.227113361901052,0.14557101440429687,0.20595052590572654,10.362351167339382,0.03236045315861702,2.6917024425052576,4.3435722633424225
1.7866369647559075,0.4855477645255112,0,1.86828173967939,36.017548626790166,0.2848941345214844,1.69178141323522,0.2206064453125,0.8577458120082069,0.1456947479248047,0.506593691520303,5.069008312143138,0.01798948459327221,1.8620391299794121,2.353829504204901
